system,LinguaPy,metricx_qe_score,QEMetricX_24-Strict-linguapy,xcomet_qe_score,XCOMET-QE-Strict-linguapy
canary-v2,5.114254624591948,5.593535378275356,6.508648274277902,0.8271994870297927,0.7864098606126483
desta2-8b,68.11751904243744,14.849665221649753,22.049255691266033,0.20089124195010152,0.07962158487722586
owsm4.0-ctc,2.176278563656148,8.343222867875838,8.79517853490692,0.7605239647046397,0.7438448967333068
phi4multimodal,13.928182807399347,6.124930920567813,7.675028249913253,0.7386038764881556,0.7043517032542932
qwen2audio-7b,79.4341675734494,14.884112305225758,23.498979867736974,0.21874952834338696,0.06820401286663766
voxtral-small-24b,1.632208922742111,2.333359247420117,2.650031544981571,0.924805080556636,0.9099246811069005
