system,LinguaPy,metricx_qe_score,QEMetricX_24-Strict-linguapy,xcomet_qe_score,XCOMET-QE-Strict-linguapy
canary-v2,4.570184983677911,6.236963619041267,6.873817364214003,0.7734220188584329,0.7398082670508412
desta2-8b,71.70837867247008,15.347001149614014,22.683985738093853,0.2014321403109729,0.07644738108568275
owsm4.0-ctc,35.69096844396083,14.760010479599789,16.960151314735413,0.49832322853247474,0.3164517275920144
phi4multimodal,14.689880304678999,7.359343033709581,8.979829197561001,0.6857442234980269,0.6498268033186292
qwen2audio-7b,82.48095756256801,15.496691985114582,24.0108238787748,0.19270161810909703,0.04520379850829387
voxtral-small-24b,2.720348204570185,4.258664714056954,4.709453677930854,0.8513020439087631,0.8306699315323145
