system,LinguaPy,metricx_qe_score,QEMetricX_24-Strict-linguapy,xcomet_qe_score,XCOMET-QE-Strict-linguapy
canary-v2,100.0,18.4387130092493,25.0,0.5944533383796018,0.0
desta2-8b,95.42981501632208,17.996807005917155,24.802687716043035,0.1570304914644156,0.0073151324710467175
owsm4.0-ctc,2.067464635473341,6.811989659879264,7.051092294313346,0.6296949889166311,0.6171951860075936
phi4multimodal,46.13710554951034,11.270005817337609,16.13071121181786,0.3864819887251278,0.2944086786031204
qwen2audio-7b,72.36126224156692,14.678010660664496,22.872412876064875,0.20417739167177118,0.06629680645154531
voxtral-small-24b,0.6528835690968444,2.7315693985391105,2.867957153763942,0.8075168540577634,0.8032090110021265
