system,LinguaPy,metricx_qe_score,QEMetricX_24-Strict-linguapy,xcomet_qe_score,XCOMET-QE-Strict-linguapy
canary-v2,3.4820457018498367,5.7520643081090395,6.267541947129048,0.7886637299890621,0.7625856055912053
desta2-8b,1.958650707290533,6.868109372571127,7.216487758615591,0.6768728924329445,0.6656422061243695
owsm4.0-ctc,2.176278563656148,12.560280276411765,12.96012861063548,0.5153530076190715,0.5014420595157879
phi4multimodal,5.8759521218716,5.713011824644462,6.36106497955319,0.8039608991363363,0.7539104267273816
qwen2audio-7b,3.0467899891186074,7.293172820960703,7.826377301139431,0.6787105699082973,0.6569023110353519
seamlessm4t,6.855277475516866,9.14941567442379,10.010600794771518,0.6307841967879992,0.5975926238605175
voxtral-small-24b,1.958650707290533,3.549083092798184,3.976789972828995,0.857750631050005,0.8413476966183645
