system,LinguaPy,metricx_qe_score,QEMetricX_24-Strict-linguapy,xcomet_qe_score,XCOMET-QE-Strict-linguapy
canary-v2,100.0,18.002705439681975,25.0,0.6315004078426091,0.0
desta2-8b,16.2132752992383,7.538834139927654,9.279973150511658,0.5329133454138683,0.500300549007182
owsm4.0-ctc,0.2176278563656148,7.220403804069829,7.264810468194859,0.6061250484985288,0.6044622073933011
phi4multimodal,14.798694232861806,5.927435059355768,6.891493465787892,0.7778159742191905,0.6567912159631509
qwen2audio-7b,1.088139281828074,4.254040369640334,4.397067885902651,0.7072708678337561,0.7025324532861484
seamlessm4t,7.290533188248095,8.572622405229312,9.34310900807478,0.5177350485529163,0.4856769257712546
voxtral-small-24b,0.3264417845484222,2.7653185290824602,2.818781640068491,0.8096993745561036,0.8076527164428129
