system,LinguaPy,metricx_qe_score,QEMetricX_24-Strict-linguapy,xcomet_qe_score,XCOMET-QE-Strict-linguapy
canary-v2,3.917301414581066,4.352286807086088,5.1107475545634315,0.8632852276371664,0.8318175684348543
desta2-8b,1.958650707290533,4.789234077008654,5.184859639668069,0.8086897296439836,0.7946736240218332
owsm4.0-ctc,2.3939064200217626,8.887736138677928,9.431331692703303,0.7498917656832084,0.7299236791275271
phi4multimodal,22.41566920565832,7.250211857247113,8.764224347294642,0.8665440108574384,0.6732443699104482
qwen2audio-7b,4.6789989118607185,5.2782544068286805,6.089920271435292,0.8199026100134824,0.7836546678181182
seamlessm4t,3.373231773667029,7.076904175472694,7.6668694947073,0.7513363325038076,0.7334992133640361
voxtral-small-24b,1.8498367791077257,2.2514868624613777,2.655110958992008,0.92206026914492,0.9058212835313316
