system,LinguaPy,metricx_qe_score,QEMetricX_24-Strict-linguapy,xcomet_qe_score,XCOMET-QE-Strict-linguapy
canary-v2,0.7211538461538461,7.078683194399883,7.1511803891760515,0.7762225163706507,0.7737107255066243
desta2-8b,0.2403846153846154,9.598742552889654,9.655933814768035,0.6211101820226759,0.6187066634078152
owsm4.0-ctc,7.451923076923077,13.21929803254226,13.718819183727296,0.5458536994679329,0.5248848368377926
phi4multimodal,19.71153846153846,8.628783470109248,10.037474314126975,0.8142208827193826,0.6464851719792932
qwen2audio-7b,1.9230769230769231,8.272591779277159,8.49176047439687,0.7171690030339121,0.709489602910113
seamlessm4t,5.048076923076923,8.495587848503,8.950695677248474,0.7360296378274842,0.7074768568675679
voxtral-small-24b,0.4807692307692308,4.702769204884624,4.800107858412398,0.8448905280719583,0.8407313934742258
