system,LinguaPy,metricx_qe_score,QEMetricX_24-Strict-linguapy,xcomet_qe_score,XCOMET-QE-Strict-linguapy
canary-v2,1.4423076923076923,7.066689411796128,7.211039200326643,0.6988135813914526,0.6921235637990042
desta2-8b,0.4807692307692308,8.422712173608419,8.540970446121019,0.531320916614137,0.5265132243064448
owsm4.0-ctc,1.4423076923076923,13.638693411915133,13.825728239213976,0.39454742320007286,0.3878504568666148
phi4multimodal,55.769230769230774,13.18790088987981,16.49964298415356,0.8264255418191448,0.3328929435855781
qwen2audio-7b,3.8461538461538463,7.740246251082191,8.199848556891084,0.6444381072651595,0.6143867496508532
seamlessm4t,1.9230769230769231,7.566322340809095,7.71666473418904,0.6766028690975733,0.6658930132308831
voxtral-small-24b,0.7211538461538461,4.222641656793153,4.389520804370897,0.8104720671947759,0.803426122185416
