system,LinguaPy,metricx_qe_score,QEMetricX_24-Strict-linguapy,xcomet_qe_score,XCOMET-QE-Strict-linguapy
canary-v2,1.6826923076923077,5.164285791760239,5.3686805635493675,0.8378449594601989,0.8290001165766555
desta2-8b,0.4807692307692308,6.274965649443822,6.3127700421117385,0.7189024212376143,0.7165807418417759
owsm4.0-ctc,0.4807692307692308,9.590305213861239,9.61584932999148,0.7211638927423897,0.7197400579909579
phi4multimodal,31.25,7.9862814348262665,9.979243837332783,0.8917437590157183,0.6185629802684371
qwen2audio-7b,2.8846153846153846,5.885341484081716,6.19204818083045,0.8075942249897008,0.7862805772680216
seamlessm4t,2.8846153846153846,5.8001175796828015,6.093241633023494,0.8287692187318149,0.8040882894733491
voxtral-small-24b,0.4807692307692308,2.60251024146027,2.6913624567319996,0.9104177004908427,0.9067800470735304
