system,LinguaPy,metricx_qe_score,QEMetricX_24-Strict-linguapy,xcomet_qe_score,XCOMET-QE-Strict-linguapy
canary-v2,100.0,18.823115198658062,25.0,0.8661707853540205,0.0
desta2-8b,20.432692307692307,7.658102143161859,9.636342147687593,0.5198053909788052,0.48021065468828267
owsm4.0-ctc,0.0,6.84860426456166,6.84860426456166,0.6287479177475549,0.6287479177475549
phi4multimodal,18.269230769230766,6.060011463006958,7.564317824659296,0.805499643409768,0.6541419320811446
qwen2audio-7b,1.4423076923076923,4.736692873689417,4.881359017024247,0.7144166203036618,0.7062763775018259
seamlessm4t,7.451923076923077,6.192673621126092,6.920488120128329,0.7081057130932235,0.6491339960708641
voxtral-small-24b,0.0,3.053402990371419,3.053402990371419,0.8058158131674505,0.8058158131674505
