system,LinguaPy,metricx_qe_score,QEMetricX_24-Strict-linguapy,xcomet_qe_score,XCOMET-QE-Strict-linguapy
canary-v2,4.086538461538462,8.680401191043739,9.151014749892056,0.6403900141281506,0.6218971527459172
desta2-8b,72.11538461538461,14.476667686437185,21.800372669043448,0.16956391491783926,0.04487657634756313
owsm4.0-ctc,34.375,15.636354349052104,17.833181735056524,0.43464250241567454,0.24086536650205603
phi4multimodal,9.615384615384617,7.610274749736373,8.556254157653221,0.6431151983471444,0.6251496387144121
qwen2audio-7b,84.13461538461539,15.785665491595864,24.444509227975058,0.1800324228914598,0.03225931845820294
voxtral-small-24b,0.4807692307692308,4.143652638098081,4.262282551731914,0.8018694040634168,0.7995057818748487
