system,LinguaPy,metricx_qe_score,QEMetricX_24-Strict-linguapy,xcomet_qe_score,XCOMET-QE-Strict-linguapy
canary-v2,2.644230769230769,7.134430945546438,7.513148630091634,0.7864395009103016,0.7727100717512747
desta2-8b,51.20192307692307,15.619189730845392,21.003008030569898,0.16211844241031662,0.07258821481194061
owsm4.0-ctc,1.9230769230769231,9.419875007704832,9.675536012859084,0.7051432535338861,0.701142497575627
phi4multimodal,25.240384615384613,8.212240752907327,10.183506410067471,0.7970385099402987,0.6089394272914013
qwen2audio-7b,91.58653846153845,13.98611112663415,24.031340943443446,0.20683677247367227,0.04247462821121399
voxtral-small-24b,1.201923076923077,2.3896414114144418,2.6718660076775658,0.910814985489616,0.9025972684702048
