system,LinguaPy,metricx_qe_score,QEMetricX_24-Strict-linguapy,xcomet_qe_score,XCOMET-QE-Strict-linguapy
canary-v2,100.0,19.134874562231396,25.0,0.459740854629602,0.0
desta2-8b,96.39423076923077,14.656009835405992,24.70946935392343,0.15497326301052594,0.006567673900952706
owsm4.0-ctc,1.201923076923077,7.172611790207716,7.247349082277371,0.5938457870641007,0.5892617608635471
phi4multimodal,40.38461538461539,11.85488953607945,15.607017561739598,0.362928659377548,0.29679577712578553
qwen2audio-7b,83.89423076923077,14.327114952298311,23.57627834379673,0.19647811150823075,0.04797176391674349
voxtral-small-24b,0.2403846153846154,3.0889200838282704,3.1318780820673475,0.7937776776603781,0.7921164843182151
