system,LinguaPy,metricx_qe_score,QEMetricX_24-Strict-linguapy,xcomet_qe_score,XCOMET-QE-Strict-linguapy
canary-v2,5.528846153846153,9.28622003896341,9.710583007903411,0.7081308646537274,0.6823484108798976
desta2-8b,86.0576923076923,16.28166676327013,24.584137223804227,0.15309752674343494,0.029650860663073566
owsm4.0-ctc,61.53846153846154,16.510910385073377,20.54272120546263,0.5243393043414332,0.20516428596769962
phi4multimodal,16.58653846153846,9.557411695543964,11.08221273117054,0.6285286584439186,0.6000616766798955
qwen2audio-7b,88.70192307692307,14.50900566448959,24.170744906681087,0.1972495554946363,0.040986399309566386
voxtral-small-24b,0.9615384615384616,4.313272114914771,4.472193189323521,0.8564234441504456,0.8527146149068497
